{"Mini|Diesel":{"kg CO2e":0.1063,"kg CO2":0.10442,"kg CH4":0.000004,"kg N2O":0.00188},"Mini|Petrol":{"kg CO2e":0.1361,"kg CO2":0.13542,"kg CH4":0.00032,"kg N2O":0.00036},"Mini|Unknown":{"kg CO2e":0.13579,"kg CO2":0.1351,"kg CH4":0.00031,"kg N2O":0.00038},"Mini|Plug-in Hybrid Electric Vehicle":{"kg CO2e":null,"kg CO2":null,"kg CH4":null,"kg N2O":null},"Mini|Battery Electric Vehicle":{"kg CO2e":0,"kg CO2":0,"kg CH4":0,"kg N2O":0},"Supermini|Diesel":{"kg CO2e":0.13078,"kg CO2":0.1289,"kg CH4":0.000004,"kg N2O":0.00188},"Supermini|Petrol":{"kg CO2e":0.1513,"kg CO2":0.15062,"kg CH4":0.00032,"kg N2O":0.00036},"Supermini|Unknown":{"kg CO2e":0.14822,"kg CO2":0.14736,"kg CH4":0.00027,"kg N2O":0.00059},"Supermini|Plug-in Hybrid Electric Vehicle":{"kg CO2e":"0.02241","kg CO2":"0.02227","kg CH4":"0.00007","kg N2O":"0.00007"},"Supermini|Battery Electric Vehicle":{"kg CO2e":0,"kg CO2":0,"kg CH4":0,"kg N2O":0},"Lower medium|Diesel":{"kg CO2e":0.14307,"kg CO2":0.14119,"kg CH4":0.000004,"kg N2O":0.00188},"Lower medium|Petrol":{"kg CO2e":0.17497,"kg CO2":0.17429,"kg CH4":0.00032,"kg N2O":0.00036},"Lower medium|Unknown":{"kg CO2e":0.15903,"kg CO2":0.15775,"kg CH4":0.00016,"kg N2O":0.00112},"Lower medium|Plug-in Hybrid Electric Vehicle":{"kg CO2e":"0.06736","kg CO2":"0.06694","kg CH4":"0.00022","kg N2O":"0.0002"},"Lower medium|Battery Electric Vehicle":{"kg CO2e":0,"kg CO2":0,"kg CH4":0,"kg N2O":0},"Upper medium|Diesel":{"kg CO2e":0.15955,"kg CO2":0.15767,"kg CH4":0.000004,"kg N2O":0.00188},"Upper medium|Petrol":{"kg CO2e":0.20359,"kg CO2":0.20291,"kg CH4":0.00032,"kg N2O":0.00036},"Upper medium|Unknown":{"kg CO2e":0.169,"kg CO2":0.16737,"kg CH4":0.00007,"kg N2O":0.00156},"Upper medium|Plug-in Hybrid Electric Vehicle":{"kg CO2e":"0.07109","kg CO2":"0.07063","kg CH4":"0.00023","kg N2O":"0.00023"},"Upper medium|Battery Electric Vehicle":{"kg CO2e":0,"kg CO2":0,"kg CH4":0,"kg N2O":0},"Executive|Diesel":{"kg CO2e":0.17399,"kg CO2":0.17211,"kg CH4":0.000004,"kg N2O":0.00188},"Executive|Petrol":{"kg CO2e":0.22342,"kg CO2":0.22274,"kg CH4":0.00032,"kg N2O":0.00036},"Executive|Unknown":{"kg CO2e":0.18577,"kg CO2":0.18417,"kg CH4":0.00008,"kg N2O":0.00152},"Executive|Plug-in Hybrid Electric Vehicle":{"kg CO2e":"0.07198","kg CO2":"0.07149","kg CH4":"0.00022","kg N2O":"0.00027"},"Executive|Battery Electric Vehicle":{"kg CO2e":0,"kg CO2":0,"kg CH4":0,"kg N2O":0},"Luxury|Diesel":{"kg CO2e":0.21174,"kg CO2":0.20986,"kg CH4":0.000004,"kg N2O":0.00188},"Luxury|Petrol":{"kg CO2e":0.32586,"kg CO2":0.32518,"kg CH4":0.00032,"kg N2O":0.00036},"Luxury|Unknown":{"kg CO2e":0.26579,"kg CO2":0.26448,"kg CH4":0.00015,"kg N2O":0.00116},"Luxury|Plug-in Hybrid Electric Vehicle":{"kg CO2e":"0.09325","kg CO2":"0.09266","kg CH4":"0.00031","kg N2O":"0.00028"},"Luxury|Battery Electric Vehicle":{"kg CO2e":0,"kg CO2":0,"kg CH4":0,"kg N2O":0},"Sports|Diesel":{"kg CO2e":0.16664,"kg CO2":0.16476,"kg CH4":0.000004,"kg N2O":0.00188},"Sports|Petrol":{"kg CO2e":0.24266,"kg CO2":0.24198,"kg CH4":0.00032,"kg N2O":0.00036},"Sports|Unknown":{"kg CO2e":0.23053,"kg CO2":0.22966,"kg CH4":0.00027,"kg N2O":0.0006},"Sports|Plug-in Hybrid Electric Vehicle":{"kg CO2e":"0.07653","kg CO2":"0.07605","kg CH4":"0.00025","kg N2O":"0.00023"},"Sports|Battery Electric Vehicle":{"kg CO2e":0,"kg CO2":0,"kg CH4":0,"kg N2O":0},"Dual purpose 4X4|Diesel":{"kg CO2e":0.20376,"kg CO2":0.20188,"kg CH4":0.000004,"kg N2O":0.00188},"Dual purpose 4X4|Petrol":{"kg CO2e":0.21658,"kg CO2":0.2159,"kg CH4":0.00032,"kg N2O":0.00036},"Dual purpose 4X4|Unknown":{"kg CO2e":0.20716,"kg CO2":0.20559,"kg CH4":0.00009,"kg N2O":0.00148},"Dual purpose 4X4|Plug-in Hybrid Electric Vehicle":{"kg CO2e":"0.07684","kg CO2":"0.07635","kg CH4":"0.00025","kg N2O":"0.00024"},"Dual purpose 4X4|Battery Electric Vehicle":{"kg CO2e":0,"kg CO2":0,"kg CH4":0,"kg N2O":0},"MPV|Diesel":{"kg CO2e":0.17503,"kg CO2":0.17315,"kg CH4":0.000004,"kg N2O":0.00188},"MPV|Petrol":{"kg CO2e":0.19479,"kg CO2":0.19411,"kg CH4":0.00032,"kg N2O":0.00036},"MPV|Unknown":{"kg CO2e":0.18031,"kg CO2":0.17874,"kg CH4":0.00009,"kg N2O":0.00148},"MPV|Plug-in Hybrid Electric Vehicle":{"kg CO2e":null,"kg CO2":null,"kg CH4":null,"kg N2O":null},"MPV|Battery Electric Vehicle":{"kg CO2e":0,"kg CO2":0,"kg CH4":0,"kg N2O":0}}
